CustomerID,FirstName,LastName,Email,Phone,Address,City,Country,JoinDate
1,Michael,Owen,michael.owen1@hotmail.com,(702)797-0213,092 Rush Landing Suite 192,Raymondview,Egypt,2026-06-02
2,Anthony,Lopez,anthony.lopez2@hotmail.com,(381)944-7394x7312,715 Mckinney Plaza,Patriciaburgh,Rwanda,2025-08-31
3,Isabella,Thompson,isabella.thompson3@yahoo.com,431.332.3705x89578,6786 Morrow Cliffs,West Dawn,Korea,2024-12-07
4,Zachary,Anderson,zachary.anderson4@hotmail.com,+1-792-526-8018x2422,414 Cynthia Plaza Suite 249,New Danielleshire,Western Sahara,2025-04-12
5,George,Weber,george.weber5@hotmail.com,690-601-0943x96907,64710 Scott Orchard Suite 359,West Michelle,Ghana,2025-09-27
6,Michelle,Hester,michelle.hester6@gmail.com,001-258-681-5371x47321,632 Peck Stravenue Suite 327,Jimenezport,Luxembourg,2023-08-10
7,Sierra,Wagner,sierra.wagner7@gmail.com,695.200.4797,2456 Williams Center,West Angela,Barbados,2024-09-11
8,Shannon,Pierce,shannon.pierce8@hotmail.com,+1-891-221-6558x52398,25787 Catherine Passage,West Sarah,Ghana,2024-01-10
9,Vicki,Stevenson,vicki.stevenson9@yahoo.com,001-258-788-7947,169 Robles Stream Apt. 974,Lake Brett,Lesotho,2024-01-18
10,Cristina,Harvey,cristina.harvey10@yahoo.com,(830)491-3075,368 Salas Street Apt. 283,Whitneyfort,Malta,2024-08-31
11,Sue,Stevens,sue.stevens11@hotmail.com,585-949-7334x84344,5844 Ashley Plains Suite 652,Bobbyland,Guatemala,2026-04-23
12,Diana,Burgess,diana.burgess12@gmail.com,584.584.2199,833 Craig Isle,Garciaberg,Albania,2026-06-07
13,Tiffany,Moore,tiffany.moore13@hotmail.com,873.445.4019x3802,7240 Kenneth Rapids,West Justinside,Malta,2025-01-07
14,Sheena,Rosales,sheena.rosales14@yahoo.com,531-452-7420x549,8516 Jack Dam Suite 530,Patrickmouth,Sao Tome and Principe,2024-05-03
15,Mark,Aguilar,mark.aguilar15@hotmail.com,8456301742,459 Jeffrey Dale,Hernandezstad,Israel,2025-08-23
16,Roberta,Todd,roberta.todd16@hotmail.com,339.218.7851,822 Bond Mills,Lake Jamieshire,Liechtenstein,2023-10-23
17,William,Stokes,william.stokes17@yahoo.com,(286)879-0874,39106 Graves Plains Apt. 170,Robertberg,Seychelles,2025-06-18
18,Jessica,Stuart,jessica.stuart18@yahoo.com,(476)561-8251x2868,47868 Morrow Gateway,Reedview,Comoros,2026-05-08
19,Jessica,Rodriguez,jessica.rodriguez19@hotmail.com,(890)933-1190x79030,302 Young Street,Barbaramouth,Dominica,2024-06-10
20,Douglas,Keller,douglas.keller20@gmail.com,(744)808-9268x70568,46287 Melissa Hills Apt. 708,Faulknerside,Marshall Islands,2023-12-09
21,John,Harris,john.harris21@hotmail.com,275-318-3046,837 Molly Isle,Susantown,Croatia,2026-05-08
22,Suzanne,Wilson,suzanne.wilson22@yahoo.com,993.763.8546,5877 Leah Stravenue Suite 535,Robertshire,Tonga,2024-03-14
23,Dustin,Green,dustin.green23@hotmail.com,001-564-923-5369,7772 Jackson Stravenue Suite 280,Port Melanieton,Serbia,2023-07-22
24,Derrick,Mccoy,derrick.mccoy24@gmail.com,001-220-238-7509x977,08484 Wayne Square Suite 211,East James,Malta,2024-04-17
25,Michael,Norton,michael.norton25@gmail.com,(867)993-3410x166,021 Bruce Rue,Arielville,Ukraine,2025-02-13
26,Brad,Lewis,brad.lewis26@hotmail.com,001-474-701-4890,92614 Anne Port,Rhodesside,Greenland,2024-09-08
27,Jodi,Gibbs,jodi.gibbs27@hotmail.com,001-818-750-1631x5999,477 Michael Lane,Lopezshire,Panama,2024-09-04
28,Kelsey,Phillips,kelsey.phillips28@gmail.com,001-211-642-6265x511,4121 Ryan Point Suite 101,Angelamouth,Tonga,2024-09-10
29,Kelly,Hughes,kelly.hughes29@gmail.com,001-483-398-2622x4447,4647 Michael Gateway,Wheelerborough,Kuwait,2023-11-10
30,Kevin,Rush,kevin.rush30@yahoo.com,+1-965-775-6924x593,5479 Mark Harbors,Diazshire,Cook Islands,2025-04-25
31,Amy,Maldonado,amy.maldonado31@hotmail.com,6735741672,266 Shane Rapid Suite 968,Stephensstad,Reunion,2026-03-23
32,Amanda,Little,amanda.little32@gmail.com,835-329-0965,43888 Sean Lock,Bartonshire,Portugal,2025-01-14
33,Michael,Johnson,michael.johnson33@gmail.com,961-312-5457x3875,751 Williams Station Apt. 051,Lake John,China,2025-03-11
34,Mark,Simmons,mark.simmons34@yahoo.com,962.826.6093,33419 Lauren Plain Apt. 553,Wilsonfort,Marshall Islands,2026-06-08
35,Lawrence,Price,lawrence.price35@yahoo.com,001-315-457-9249,34125 William Manor Apt. 966,South Cynthia,Puerto Rico,2026-04-18
36,Sarah,Thompson,sarah.thompson36@gmail.com,842.925.7905x0723,767 Jackson Port Apt. 340,Jeffreyport,Chile,2025-11-17
37,Ariel,Barton,ariel.barton37@yahoo.com,+1-281-991-4858,1340 Baker Wall,South Michelleville,Singapore,2025-12-21
38,Jason,Rojas,jason.rojas38@hotmail.com,(696)429-2330x958,449 Farley Passage Apt. 260,Michelleberg,Reunion,2026-02-19
39,John,Dawson,john.dawson39@gmail.com,001-767-929-4667x11684,9017 Horn Underpass Suite 363,Adamsport,Guadeloupe,2025-03-06
40,David,Phelps,david.phelps40@yahoo.com,+1-600-417-0127x70632,54152 Randy Inlet Apt. 611,East Thomasberg,Nauru,2024-03-19
41,Erin,Smith,erin.smith41@hotmail.com,416-827-1361x11554,218 Chelsey Expressway,Bellborough,Niue,2025-10-13
42,Samantha,Jensen,samantha.jensen42@yahoo.com,711.421.9656,1389 Maxwell Spurs,Port Melanieport,Costa Rica,2025-02-02
43,William,Adkins,william.adkins43@yahoo.com,+1-703-476-1379x1805,658 Kathryn Trail Apt. 091,West Jasonton,Yemen,2025-11-27
44,William,Fuller,william.fuller44@hotmail.com,001-566-461-8892x41418,9146 Brian Corners Suite 179,West Elizabethburgh,British Indian Ocean Territory (Chagos Archipelago),2023-07-29
45,Derrick,Smith,derrick.smith45@yahoo.com,(688)342-5241x056,917 Dixon Centers Suite 925,West Kerri,Uganda,2025-04-05
46,Jennifer,Perez,jennifer.perez46@hotmail.com,4002307562,53654 Ashley Crest Apt. 238,South Caseymouth,Tonga,2024-05-20
47,Megan,Murphy,megan.murphy47@hotmail.com,905.534.9493x759,06038 Fields Square,West Aaronfurt,Thailand,2025-10-01
48,Kyle,Harris,kyle.harris48@gmail.com,(370)424-1038x65719,99062 Kelly Vista Suite 655,Nelsonland,Western Sahara,2024-02-23
49,Kimberly,Richards,kimberly.richards49@gmail.com,527-975-6185,4112 Mckenzie Square Apt. 352,Lake Johnstad,Indonesia,2025-01-28
50,Erica,Green,erica.green50@gmail.com,4673883171,32365 Brandi Green,North Wendyborough,United Kingdom,2025-06-23
51,Lisa,Davis,lisa.davis51@yahoo.com,207-802-9667,53244 Stephenson Bypass Apt. 476,Brownview,Hungary,2023-12-13
52,James,Wilkerson,james.wilkerson52@hotmail.com,780.865.7875,05930 Brown Mountains Suite 932,East Dianeview,Martinique,2025-12-26
53,Samantha,Brown,samantha.brown53@gmail.com,001-265-722-3955,378 Thompson Camp,North Jessebury,Angola,2025-02-11
54,Aaron,Hardin,aaron.hardin54@gmail.com,(352)750-0292,6915 Morris Estate,Connerfort,Pakistan,2024-06-27
55,Jasmine,Hoffman,jasmine.hoffman55@hotmail.com,(239)426-4422x096,391 Taylor Summit Apt. 355,Lake Nicole,Benin,2026-01-01
56,Elizabeth,Daniel,elizabeth.daniel56@yahoo.com,904.833.1541x006,7658 Garcia Neck,East Shannon,South Georgia and the South Sandwich Islands,2026-01-27
57,Kenneth,Flores,kenneth.flores57@gmail.com,952-262-1815,296 Brian Isle Apt. 368,Donnaport,Dominica,2023-10-29
58,Philip,Dunn,philip.dunn58@yahoo.com,(505)306-1497,24171 Glover Mountains,Jacobsonview,Bermuda,2025-06-18
59,Paul,Watson,paul.watson59@yahoo.com,(427)304-7743x490,586 Angela Ville,Cardenaschester,Mauritania,2025-08-07
60,Sharon,Armstrong,sharon.armstrong60@gmail.com,441.460.8989x9217,20616 Wendy Road,Port Brooke,Ghana,2026-04-09
61,Robin,Jones,robin.jones61@yahoo.com,+1-868-354-8709,29991 Anna Courts Suite 856,Patrickfort,Montserrat,2025-05-13
62,Benjamin,Hill,benjamin.hill62@gmail.com,+1-796-606-5307x450,7132 Mccann Mills Suite 469,East Scottchester,Saint Vincent and the Grenadines,2024-12-27
63,Zachary,Brooks,zachary.brooks63@gmail.com,521.248.6289x02330,53457 Reid Crossing Apt. 357,Thompsonfort,Namibia,2025-03-11
64,Max,Monroe,max.monroe64@yahoo.com,001-814-206-0293x3334,2290 Johnny Valley,Jenniferview,Jamaica,2026-03-23
65,Melissa,Stevens,melissa.stevens65@gmail.com,648.696.9108x589,1545 Green Station,Jacobhaven,Serbia,2024-04-04
66,Brian,Mathews,brian.mathews66@hotmail.com,(552)707-4466x6099,875 Bruce Ville,West Connor,Brunei Darussalam,2025-10-05
67,Jessica,Hansen,jessica.hansen67@gmail.com,+1-351-935-3465x54947,999 Thomas Fields,Port Erinhaven,French Southern Territories,2024-10-10
68,Monica,Hernandez,monica.hernandez68@gmail.com,969-672-5217x52500,92712 Schultz Lodge,Sanfordfurt,Albania,2023-08-26
69,James,Watson,james.watson69@gmail.com,683-400-3354x21689,44789 Hamilton Spur,West Wendy,Liechtenstein,2024-08-12
70,Jacob,Vaughan,jacob.vaughan70@yahoo.com,3337230982,4890 Ebony Shoal,North Hannahchester,Kenya,2024-09-04
71,Amy,Wells,amy.wells71@gmail.com,404.861.8499,914 Kristen Parks,New James,Estonia,2026-01-12
72,Teresa,Howard,teresa.howard72@yahoo.com,920-487-3753x0011,114 Stephen Hill,Stevenville,Suriname,2024-01-23
73,Benjamin,Roberts,benjamin.roberts73@hotmail.com,761-710-0225x57941,66746 Marsh Run,North David,Saint Kitts and Nevis,2023-09-18
74,Sherri,Moore,sherri.moore74@yahoo.com,001-279-472-9659,1670 Jose Island Apt. 899,Lake Morgan,Maldives,2025-02-08
75,Jackie,Davis,jackie.davis75@hotmail.com,001-937-456-2890x0287,5354 William Plaza,Powellbury,Belgium,2024-11-30
76,Laurie,West,laurie.west76@yahoo.com,351.670.1660x880,755 Lisa Vista,Riverafort,Saint Barthelemy,2025-07-05
77,Jennifer,Wilson,jennifer.wilson77@hotmail.com,205.454.8851,61493 David Walk Suite 373,Danielchester,Aruba,2026-04-26
78,Mary,Chapman,mary.chapman78@yahoo.com,498.427.0808x697,69958 Barnes Rest,West Raymond,Guam,2026-06-13
79,Shawn,Anderson,shawn.anderson79@yahoo.com,+1-484-485-8333x945,158 Aguilar Shores Suite 846,New Danielfurt,Cameroon,2023-09-12
80,Brian,Adams,brian.adams80@gmail.com,542-804-3805x7198,406 Butler Turnpike,Tammyton,American Samoa,2025-10-08
81,James,Melton,james.melton81@yahoo.com,459.389.3347,81606 Hawkins Curve,New Meghan,Albania,2024-07-12
82,Jenna,Moore,jenna.moore82@gmail.com,390-494-7985x15832,861 Walker Forest Suite 554,Port Christine,Lebanon,2026-07-12
83,Madison,Zavala,madison.zavala83@gmail.com,857-339-9305,8408 Robertson Pass Suite 704,West Willie,Yemen,2023-10-29
84,Teresa,Ayala,teresa.ayala84@hotmail.com,3134361386,5011 Gregory Glen,New Lorraineview,Ireland,2024-09-13
85,Crystal,Hamilton,crystal.hamilton85@gmail.com,(618)309-1901x5814,6607 Amanda Dale Suite 842,Ericastad,Zambia,2023-07-28
86,Nancy,Thomas,nancy.thomas86@gmail.com,7995688143,822 Jeffrey Village Suite 312,Port Karenside,Kyrgyz Republic,2025-06-21
87,Charles,Powers,charles.powers87@yahoo.com,639-375-5231,7759 Steele Drives,Lindseychester,Chile,2023-07-21
88,John,Walker,john.walker88@hotmail.com,+1-364-452-5777x5478,2834 Jessica Brook,Port Bonniefurt,Seychelles,2025-04-22
89,Rebecca,Arnold,rebecca.arnold89@hotmail.com,+1-972-356-3942,8039 Katherine Dam Suite 229,Lake Jessica,Wallis and Futuna,2024-08-12
90,Jeffery,Freeman,jeffery.freeman90@gmail.com,753-303-8567x700,498 Nicholas Lane Suite 918,Nicholasbury,Maldives,2024-10-02
91,Lisa,Reed,lisa.reed91@yahoo.com,+1-408-427-2318x432,136 Cortez Orchard Suite 739,Lake Martha,Angola,2024-04-08
92,David,Vargas,david.vargas92@gmail.com,+1-280-692-0242x8699,79772 Maria Rapid,Port Brandi,Seychelles,2024-01-31
93,Donna,Baker,donna.baker93@hotmail.com,+1-857-499-1366x21038,79908 Christopher Shoals,New Amber,Afghanistan,2026-03-25
94,Kimberly,Banks,kimberly.banks94@hotmail.com,(650)986-3765x99162,49864 Adam Summit,New Alexandrahaven,Albania,2024-08-30
95,Jamie,Brock,jamie.brock95@yahoo.com,(612)869-4486x959,8872 Hansen Orchard,Vanessashire,Guatemala,2025-11-10
96,Raymond,Taylor,raymond.taylor96@hotmail.com,237-421-3865,012 Frost Mews Apt. 143,Christopherton,Saint Kitts and Nevis,2024-09-09
97,Tracey,Mendez,tracey.mendez97@hotmail.com,590-427-7038x4309,3021 Chan Knoll,Sullivanborough,Maldives,2023-08-01
98,Jane,Calhoun,jane.calhoun98@hotmail.com,689-455-4393x7690,181 Morgan Crescent Suite 894,Churchshire,Liberia,2025-11-05
99,Katherine,Ali,katherine.ali99@yahoo.com,+1-279-607-1416x33565,1651 Thomas Knoll,New Joseph,Yemen,2025-10-10
100,Sarah,Lee,sarah.lee100@hotmail.com,733.443.3339,17908 Melanie Landing,Travisshire,Trinidad and Tobago,2024-05-12
101,Ian,Duran,ian.duran101@hotmail.com,763-892-0867x808,1875 Alexander Fords,Carpentermouth,Guyana,2025-05-17
102,Jordan,Dunn,jordan.dunn102@gmail.com,879-655-2763x655,92931 Brock Point Suite 632,South Linda,Christmas Island,2024-10-19
103,Dennis,Barry,dennis.barry103@hotmail.com,685.974.4890x61203,5455 Cooper Loop,West Michelleborough,Morocco,2025-04-07
104,Debra,Thompson,debra.thompson104@yahoo.com,(758)877-1694x722,12535 Delgado Station Suite 964,Normanstad,San Marino,2025-04-19
105,Tammy,Gutierrez,tammy.gutierrez105@gmail.com,3233413261,006 Dalton River Apt. 164,East Joan,Kenya,2025-06-01
106,David,Roberson,david.roberson106@gmail.com,4554778487,968 Stout Orchard Apt. 174,Robertberg,Gabon,2023-07-27
107,Alexandra,Chang,alexandra.chang107@gmail.com,(547)280-7740x649,68663 Jennifer Rue Suite 634,South Colleenhaven,Serbia,2025-12-08
108,Christie,Benson,christie.benson108@yahoo.com,684-963-1224x1797,0208 Jacob Cove,Josephmouth,Saint Lucia,2023-07-24
109,Christopher,Smith,christopher.smith109@gmail.com,964-475-7051x20461,6013 Wise Mills,Lake Virginia,Congo,2024-12-02
110,Kelli,Boyd,kelli.boyd110@gmail.com,764.252.0881x4743,36502 Richards Locks,North Tanya,Mozambique,2025-11-20
111,Thomas,Carlson,thomas.carlson111@yahoo.com,001-413-927-1950x05281,8573 Hannah Knolls,West Rachel,Libyan Arab Jamahiriya,2025-08-28
112,Angelica,Daniels,angelica.daniels112@yahoo.com,492.385.5749,4485 Smith Route,Grosstown,Niger,2026-02-09
113,Kimberly,Allen,kimberly.allen113@hotmail.com,686-738-7829,511 Bradley Curve Apt. 031,Leeton,Montserrat,2025-06-18
114,Paul,Burns,paul.burns114@hotmail.com,001-994-205-3910x371,650 Rice Street Apt. 413,North Jessicaside,Hungary,2024-02-08
115,Alicia,Wright,alicia.wright115@hotmail.com,(388)461-9576,685 Amanda Rapid,Mahoneymouth,Mexico,2026-07-06
116,Mark,Watson,mark.watson116@hotmail.com,(259)239-8368x45776,082 Smith Forges Apt. 504,North Benjamin,Guinea-Bissau,2024-01-03
117,Joseph,Preston,joseph.preston117@gmail.com,744.919.6931,9194 Jessica Ports,Millerton,Uruguay,2025-11-06
118,Michael,Montoya,michael.montoya118@yahoo.com,739-406-0480,320 Maddox Terrace Apt. 364,Hernandezmouth,Belize,2024-12-18
119,Julie,Kelley,julie.kelley119@yahoo.com,968-862-2783,983 Charles Trail,Morrisshire,Benin,2023-11-16
120,Robert,Diaz,robert.diaz120@gmail.com,559-704-2597x92703,110 Stacy Drive,Alexanderville,Gambia,2024-11-20
