SupplierID,CompanyName,ContactName,Phone,Email,City,Country
1,"Brown, Valdez and Lucas",Nicholas Mcbride,633-938-7262,nancyjones@garcia.com,Port Melindaburgh,Ireland
2,Olson-Hancock,Carmen Smith,(247)746-8723x4309,williamsthomas@moore.com,New Carlosbury,Iraq
3,David PLC,Kristopher Harvey,(799)385-4353x46247,ellisyolanda@jones.net,Davidstad,Turkmenistan
4,Suarez LLC,Jeffrey Daniels,698-608-4124x1182,jenniferharris@farrell.com,Lake Rodneyview,Aruba
5,Cook and Sons,Deborah Figueroa,+1-768-401-1280,tanderson@nolan-flynn.com,Jasonbury,Papua New Guinea
6,Gomez PLC,Jennifer Oliver,(532)626-0256,kristinrodriguez@garrison.com,Baileybury,Czech Republic
7,Keller Group,Sean Rasmussen,258-368-5014x294,yreed@graham-joyce.com,Lamborough,Equatorial Guinea
8,Fletcher Inc,Renee Mcdaniel,001-735-861-5951x4846,angela36@bentley.org,Richardtown,Gabon
9,Clark-Floyd,Erica Ramos,+1-538-472-1489x51343,williamstracey@atkinson.org,Lake Heather,Lithuania
10,Sanchez-Douglas,Paul Carrillo,363-928-7083,lauriecontreras@larson.org,Rivasside,Kiribati
11,Manning Group,Paul Larsen,387-434-7143x455,jessebenson@lewis.info,Brownchester,Iceland
12,"Shah, Smith and Gilmore",Karen Bender,866-788-9373x4670,dramsey@hooper.com,Vargastown,Belize
13,"Patterson, Camacho and White",Garrett Gibson,264-564-1708x05310,maryhowell@martinez.com,South Holly,Seychelles
14,Jackson-Lawson,Ashley Weiss,619-304-9663x1931,reedross@jones-holland.com,Shortville,Jersey
15,Reid-Poole,Jessica Gross,+1-949-587-7694x5314,qhudson@rogers-snyder.com,South Jason,South Georgia and the South Sandwich Islands
16,Peterson-Beard,Desiree Smith,913.267.8377,phillipsrichard@torres.com,Transtad,Jamaica
17,"Pierce, Bell and Chavez",David Griffith,618-523-3749x89413,harry08@hill.net,Heidiberg,Northern Mariana Islands
18,Garcia-Smith,John Peterson,2474116719,lisaavery@mcknight.net,Obrienbury,Singapore
19,"James, Kerr and Evans",Jessica Carroll,4913334123,aaronhayes@harrison.com,Jonesbury,Uzbekistan
20,French-Weber,Taylor Coleman,+1-632-942-1024,harrisonkevin@bender-mason.info,Millerton,Tuvalu
21,Navarro-Munoz,Darryl Craig,001-990-649-0278,wendygraham@costa-harrison.biz,Manuelville,Togo
22,Rivera Ltd,Matthew Morales DDS,2719545168,hbrown@dean-jimenez.info,East Josephberg,Vanuatu
23,Kim-Wolfe,William Lynch,324.980.8613,hollanderic@carter.info,Sanchezside,Cameroon
24,Lee-Greene,Breanna Jones,001-965-784-0449x97278,andrea86@cantu-kane.com,Hallchester,Aruba
25,Garner-Thornton,Jasmin Alvarado,+1-227-402-8951x7187,jpitts@harrison.com,Santosmouth,Timor-Leste
26,"Villarreal, James and Stewart",Olivia Brennan,3919343161,heatherberger@nguyen.com,Nicholasberg,Ecuador
27,"Jenkins, Maldonado and White",Leon Reyes,+1-437-392-3747x40748,llandry@fowler-coleman.com,Bruceborough,Hungary
28,Rodriguez-James,Edward Lyons,5647090974,danaoliver@campos.com,Lake Debbieport,Solomon Islands
29,Johnson-Diaz,Theodore Murphy,(323)928-5884x24745,taylortammy@ramsey.net,Christopherfurt,American Samoa
30,Herrera-Gibson,Megan Richards,+1-651-837-0985x9317,taylorsophia@ferrell-wilson.com,South Shawn,Paraguay
